plan_type,avg_enroll
1876 Cost,235.5720741075463
HMO/HMOPOS,687.1796034728521
Local PPO,226.55220170454547
MSA,107.11607142857143
Medicare-Medicaid Plan HMO/HMOPOS,753.030303030303
National PACE,144.4878048780488
PFFS,125.36622484045165
Regional PPO,178.80469788742798
