plan_type,avg_enroll
Medicare-Medicaid Plan HMO/HMOPOS,753.030303030303
HMO/HMOPOS,683.7050355025732
1876 Cost,235.5720741075463
Local PPO,226.5728747336017
Regional PPO,178.80469788742798
National PACE,144.4878048780488
PFFS,125.36622484045165
MSA,107.11607142857143
